City_ID,City,Country,Lat,Lng,Max Temp,Humidity,Cloudiness,Wind Speed,Current Weather
0,Rikitea,PF,-23.12,-134.97,70.02,71,40,8.12,Clouds
1,Paragominas,BR,-2.97,-47.48,70.48,98,51,2.64,Clouds
2,Bambous Virieux,MU,-20.34,57.76,73.99,78,75,8.05,Clouds
3,Deniliquin,AU,-35.53,144.97,60.01,50,0,1.01,Clear
4,Chokurdakh,RU,70.63,147.92,44.64,75,100,7.25,Clouds
5,Tautira,PF,-17.73,-149.15,77.0,73,20,3.36,Clouds
6,Mataura,NZ,-46.19,168.86,45.0,72,99,11.01,Rain
7,Thompson,CA,55.74,-97.86,50.0,100,90,8.05,Drizzle
8,Coquimbo,CL,-29.95,-71.34,50.0,87,20,2.24,Clouds
9,Nanortalik,GL,60.14,-45.24,43.83,85,2,5.61,Clear
10,Bethel,US,41.37,-73.41,69.8,56,1,6.93,Clear
11,Auki,SB,-8.77,160.7,80.55,79,100,6.04,Clouds
12,Pangai,TO,-19.8,-174.35,78.8,74,20,13.87,Clouds
13,Atuona,PF,-9.8,-139.03,79.03,74,60,12.12,Rain
14,Cidreira,BR,-30.18,-50.21,61.02,85,72,21.21,Clouds
15,Tasiilaq,GL,65.61,-37.64,37.4,74,0,2.24,Clear
16,Mar Del Plata,AR,-38.0,-57.56,52.0,100,90,6.93,Fog
17,Bitung,ID,1.45,125.18,91.4,55,20,11.41,Clouds
18,Khatanga,RU,71.97,102.5,72.12,39,24,7.56,Clouds
19,Fort-Shevchenko,KZ,44.51,50.26,77.72,40,0,16.62,Clear
20,Basco,PH,20.45,121.97,84.33,80,100,25.1,Clouds
21,Vagay,RU,57.94,69.02,57.69,95,100,5.32,Clouds
22,Rocha,UY,-34.48,-54.33,58.35,91,77,7.23,Rain
23,Tuktoyaktuk,CA,69.45,-133.04,42.8,100,90,9.17,Fog
24,Havre-Saint-Pierre,CA,50.23,-63.6,53.6,93,90,8.05,Mist
25,Kodiak,US,57.79,-152.41,59.0,58,20,6.93,Clouds
26,Constitucion,CL,-35.33,-72.42,50.25,85,61,18.1,Rain
27,Nome,US,64.5,-165.41,55.4,71,20,3.36,Rain
28,Cardenas,CU,23.04,-81.2,73.4,100,20,3.36,Clouds
29,Puerto Ayora,EC,-0.74,-90.35,66.0,90,51,8.01,Clouds
30,Jamestown,US,42.1,-79.24,62.6,72,1,8.05,Clear
31,Kapaa,US,22.08,-159.32,80.6,74,20,11.41,Clouds
32,Pisco,PE,-13.7,-76.22,61.0,93,77,5.82,Smoke
33,Port Elizabeth,ZA,-33.92,25.57,59.0,62,75,13.87,Clouds
34,Kamaishi,JP,39.27,141.88,89.6,43,20,4.7,Clouds
35,Ushuaia,AR,-54.8,-68.3,39.2,60,40,14.99,Clouds
36,Aykhal,RU,66.0,111.5,66.2,29,6,4.47,Clear
37,Codrington,AU,-38.27,141.97,55.63,66,57,3.4,Clouds
38,Virginia Beach,US,36.85,-75.98,82.4,69,40,5.82,Clouds
39,Manjeri,IN,11.12,76.12,86.0,70,40,10.29,Clouds
40,Issoudun,FR,47.0,1.83,62.6,88,20,9.17,Clouds
41,Skjervoy,NO,70.03,20.97,48.2,81,75,6.93,Rain
42,Qaanaaq,GL,77.48,-69.36,37.83,89,100,7.54,Rain
43,Cape Town,ZA,-33.93,18.42,57.0,66,20,18.34,Clouds
44,Barrow,US,71.29,-156.79,39.2,93,90,11.41,Mist
45,Hermanus,ZA,-34.42,19.23,50.0,89,71,1.99,Clouds
46,Kaeo,NZ,-35.1,173.78,52.0,3,10,4.0,Clear
47,Angoram,PG,-4.06,144.07,89.24,59,76,6.98,Clouds
48,Arraial Do Cabo,BR,-22.97,-42.03,67.8,77,52,16.78,Clouds
49,Marzuq,YE,14.4,46.47,88.72,34,75,1.95,Clouds
50,Elizabeth City,US,36.29,-76.25,80.6,94,1,9.17,Clear
51,Saint George,US,37.1,-113.58,90.0,31,1,12.75,Clear
52,Severo-Kurilsk,RU,50.68,156.12,53.08,93,99,14.14,Rain
53,New Norfolk,AU,-42.78,147.06,55.99,73,100,5.01,Clouds
54,Hobart,AU,-42.88,147.33,57.2,44,75,13.87,Clouds
55,Nikolskoye,RU,59.7,30.79,59.0,82,40,4.47,Clouds
56,Klaksvik,FO,62.23,-6.59,42.8,87,45,2.24,Clouds
57,Buin,CL,-33.73,-70.75,46.4,93,98,5.82,Rain
58,Kotelnich,RU,58.31,48.35,66.22,72,27,5.57,Clouds
59,Butaritari,KI,3.07,172.79,82.45,69,52,5.68,Clouds
60,Saint Anthony,US,45.02,-93.22,82.99,65,1,9.17,Clear
61,Wilmington Island,US,32.0,-80.97,84.0,81,74,4.59,Clouds
62,Ninohe,JP,40.27,141.31,77.0,88,40,9.17,Clouds
63,Albany,US,42.6,-73.97,64.0,67,0,6.93,Clear
64,Mairana,BO,-18.12,-63.93,52.74,100,40,3.6,Clouds
65,San Remo,IT,43.82,7.76,73.99,88,40,3.36,Clouds
66,Victoria,HK,22.29,114.16,91.4,63,40,12.75,Clouds
67,Sikonge,TZ,-5.63,32.77,66.2,68,20,17.22,Clouds
68,Kiruna,SE,67.86,20.23,44.6,87,94,4.7,Rain
69,Namatanai,PG,-3.67,152.43,83.73,75,74,9.55,Clouds
70,Avarua,CK,-21.21,-159.78,69.8,83,41,1.12,Clouds
71,Hithadhoo,MV,-0.6,73.08,80.4,82,100,16.17,Rain
72,Busselton,AU,-33.65,115.33,63.0,73,94,1.99,Clouds
73,Pirogovo,RU,56.78,53.15,70.0,73,68,3.0,Clouds
74,Berlevag,NO,70.86,29.09,48.2,87,75,4.7,Clouds
75,Cayenne,GF,4.93,-52.33,75.2,100,75,4.29,Clouds
76,Ilulissat,GL,69.22,-51.1,37.4,93,0,2.24,Clear
77,Carnarvon,AU,-24.87,113.63,71.6,53,36,20.8,Clouds
78,Clyde River,CA,70.47,-68.59,41.41,77,0,6.64,Clear
79,Port-Gentil,GA,-0.72,8.78,75.2,94,90,10.85,Clouds
80,Hohhot,CN,40.81,111.65,73.4,60,87,5.57,Clouds
81,Torbay,CA,47.67,-52.73,60.01,87,90,23.04,Clouds
82,Tsumeb,NA,-19.23,17.72,66.78,29,11,5.46,Clouds
83,San Quintin,MX,30.48,-115.95,73.17,79,0,12.66,Clear
84,Hilo,US,19.73,-155.09,80.6,61,20,3.36,Clouds
85,Awbari,LY,26.59,12.78,75.63,22,0,6.4,Clear
86,Srednekolymsk,RU,67.45,153.68,50.9,55,87,11.23,Clouds
87,Dikson,RU,73.51,80.55,46.27,98,74,6.51,Clouds
88,Bluff,NZ,-46.6,168.33,45.0,72,100,11.01,Rain
89,Yar-Sale,RU,66.83,70.83,63.36,58,23,8.95,Clouds
90,Cherskiy,RU,68.75,161.3,42.4,84,100,4.27,Clouds
91,Manthani,IN,18.65,79.67,83.19,80,100,9.4,Rain
92,Fairbanks,US,64.84,-147.72,57.2,87,75,3.0,Clouds
93,Sao Filipe,CV,14.9,-24.5,78.35,87,10,6.6,Clear
94,Palu,ID,-0.89,119.87,85.06,69,11,4.36,Rain
95,Druzhba,UA,52.04,33.95,62.67,84,78,9.55,Clouds
96,Punta Arenas,CL,-53.15,-70.92,28.4,86,80,8.05,Clouds
97,Tura,IN,25.52,90.22,87.96,63,64,6.55,Clouds
98,Bathsheba,BB,13.22,-59.52,82.4,78,75,14.99,Rain
99,Singaraja,ID,-8.11,115.09,86.31,51,5,5.91,Clear
100,Chuy,UY,-33.7,-53.46,58.53,87,100,9.93,Clouds
101,Shambu,ET,9.57,37.1,53.73,100,100,1.79,Rain
102,Faranah,GN,10.04,-10.74,68.83,97,100,3.89,Clouds
103,Puerto Rondon,CO,6.28,-71.1,73.4,93,100,3.06,Rain
104,Belmonte,BR,-15.86,-38.88,62.6,77,20,8.05,Clouds
105,Bada,RU,51.39,109.87,71.69,42,77,4.25,Clouds
106,Buraydah,SA,26.33,43.98,91.4,27,0,11.41,Clear
107,Kibala,TD,9.11,18.35,73.4,94,40,0.74,Clouds
108,Requena,ES,39.49,-1.1,71.01,69,0,0.51,Clear
109,Namibe,AO,-15.2,12.15,66.52,79,75,5.59,Clouds
110,Kaitangata,NZ,-46.28,169.85,48.99,54,88,5.01,Clouds
111,Presidente Medici,BR,-11.18,-61.9,74.17,44,0,2.64,Clear
112,Timra,SE,62.49,17.33,53.01,100,99,8.86,Clouds
113,La Libertad,EC,-2.23,-80.9,64.99,81,10,8.86,Clear
114,Zhezkazgan,KZ,47.8,67.71,71.6,30,0,6.71,Clear
115,Joao Pessoa,BR,-7.12,-34.86,71.6,94,75,5.82,Clouds
116,Prizren,XK,42.21,20.74,60.01,93,75,2.24,Fog
117,Ribeira Grande,PT,38.52,-28.7,74.46,88,52,19.57,Rain
118,Preobrazheniye,RU,42.9,133.91,78.26,76,18,4.18,Clouds
119,Coihaique,CL,-45.58,-72.07,35.6,93,75,2.24,Clouds
120,Chalisgaon,IN,20.47,75.02,86.56,58,47,9.89,Clouds
121,Kelvington,CA,52.17,-103.53,52.54,95,44,6.8,Clouds
122,Ust-Kuyga,RU,70.02,135.6,52.27,44,19,3.98,Clouds
123,Vaini,TO,-21.2,-175.2,77.0,78,20,2.24,Clouds
124,Praia,CV,14.92,-23.51,80.6,78,40,4.7,Clouds
125,Sur,OM,22.57,59.53,90.3,54,98,10.67,Rain
126,High Level,CA,58.52,-117.14,53.6,93,75,5.23,Clouds
127,Sorong,ID,-0.88,131.25,84.58,69,14,12.44,Clouds
128,Brandon,US,27.94,-82.29,82.0,94,1,4.7,Clear
129,San Cristobal,VE,7.77,-72.22,65.66,91,100,2.82,Rain
130,Saldanha,ZA,-33.01,17.94,51.8,81,73,6.93,Clouds
131,Port Alfred,ZA,-33.59,26.89,59.61,64,56,17.47,Clouds
132,Pacific Grove,US,36.62,-121.92,60.01,96,41,1.14,Clouds
133,Alice Springs,AU,-23.7,133.88,87.8,10,0,2.24,Clear
134,Nemuro,JP,43.32,145.57,84.2,74,20,9.17,Clouds
135,Ugoofaaru,MV,5.67,73.0,83.43,71,100,13.2,Clouds
136,Porto Novo,BJ,6.5,2.6,75.2,94,20,4.7,Clouds
137,Swakopmund,NA,-22.68,14.53,55.99,76,90,4.7,Clouds
138,Aasiaat,GL,68.71,-52.87,31.95,98,38,1.66,Clouds
139,Esperance,AU,-33.87,121.9,64.4,68,90,8.05,Clouds
140,Zyryanovsk,KZ,49.74,84.27,66.79,46,13,2.57,Clouds
141,Tingo Maria,PE,-9.29,-76.01,66.18,74,37,1.99,Clouds
142,Kachug,RU,53.96,105.88,73.56,39,74,9.71,Clouds
143,Guiglo,CI,6.55,-7.5,67.53,98,74,2.33,Clouds
144,Norman Wells,CA,65.28,-126.83,57.2,76,75,2.24,Clouds
145,Busayra,JO,30.74,35.61,73.36,36,0,4.99,Clear
146,Salina,US,38.84,-97.61,73.0,68,1,4.7,Clear
147,Shelburne,CA,44.08,-80.2,55.0,93,1,2.24,Clear
148,Leningradskiy,RU,69.38,178.42,38.41,90,100,12.28,Clouds
149,Tuatapere,NZ,-46.13,167.68,45.0,72,97,11.01,Rain
150,Jiazi,CN,22.88,116.07,87.6,71,67,15.37,Clouds
151,Ketchikan,US,55.34,-131.65,55.4,100,90,11.41,Rain
152,Coahuayana,MX,18.73,-103.68,77.25,89,95,0.81,Rain
153,Vao,NC,-22.67,167.48,67.62,67,81,17.25,Clouds
154,Comodoro Rivadavia,AR,-45.87,-67.5,35.6,73,96,1.12,Clouds
155,Bonthe,SL,7.53,-12.51,76.08,88,100,7.38,Rain
156,Letterkenny,IE,54.95,-7.73,52.07,94,66,5.68,Clouds
157,Saint-Pierre,RE,-21.34,55.48,77.0,53,32,11.41,Clouds
158,Pak Phanang,TH,8.35,100.2,93.2,67,40,4.7,Clouds
159,Miyako,JP,39.64,141.95,82.89,67,8,6.49,Clear
160,Castro,BR,-24.79,-50.01,45.23,97,40,5.3,Clouds
161,Kerrobert,CA,51.92,-109.13,57.2,67,40,4.7,Clouds
162,Severobaykalsk,RU,55.65,109.32,59.34,66,2,2.46,Clear
163,Westlock,CA,54.15,-113.87,53.01,87,1,2.24,Clear
164,Hakui,JP,36.88,136.78,95.0,47,20,10.29,Clouds
165,Anadyr,RU,64.75,177.48,51.8,87,40,13.78,Rain
166,Georgetown,MY,5.41,100.34,89.6,62,20,8.05,Clouds
167,Mersing,MY,2.43,103.84,89.6,70,40,3.36,Clouds
168,Talaya,RU,61.38,152.75,56.91,37,97,5.84,Clouds
169,Lompoc,US,34.64,-120.46,60.8,93,90,5.82,Mist
170,Calamar,CO,10.25,-74.91,74.48,92,89,4.54,Clouds
171,Mecca,SA,21.43,39.83,97.48,17,74,8.81,Clouds
172,Upernavik,GL,72.79,-56.15,42.28,87,91,3.09,Clouds
173,Nabire,ID,-3.37,135.48,84.52,67,20,3.18,Rain
174,Cabo San Lucas,MX,22.89,-109.91,84.0,73,0,10.27,Clear
175,Mareeba,AU,-17.0,145.43,78.8,47,57,21.92,Clouds
176,East London,ZA,-33.02,27.91,59.0,82,30,10.29,Clouds
177,Fuxin,CN,42.02,121.66,85.3,49,100,4.63,Clouds
178,Mitsamiouli,KM,-11.38,43.28,80.6,65,20,3.36,Clouds
179,Pangody,RU,65.85,74.49,58.53,71,76,2.35,Clouds
180,Igmaya-An,PH,10.55,123.22,81.64,74,20,5.61,Clouds
181,Muros,ES,42.78,-9.06,64.0,95,32,1.01,Clouds
182,Neuquen,AR,-38.95,-68.06,46.4,75,81,2.24,Clouds
183,Shimoda,JP,34.67,138.95,82.4,78,75,10.29,Clouds
184,Nieuw Amsterdam,SR,5.88,-55.08,75.2,94,35,1.12,Rain
185,Bredasdorp,ZA,-34.53,20.04,53.6,76,91,4.7,Clouds
186,Sitka,US,57.05,-135.33,57.2,87,90,6.93,Clouds
187,Samarai,PG,-10.62,150.67,78.26,86,81,19.35,Rain
188,Salalah,OM,17.02,54.09,75.2,100,90,8.05,Drizzle
189,Iqaluit,CA,63.75,-68.51,42.8,87,90,2.24,Clouds
190,Kahului,US,20.89,-156.47,80.6,69,40,17.22,Clouds
191,Beeville,US,28.4,-97.75,82.0,88,1,4.7,Clear
192,Sombrio,BR,-29.11,-49.62,56.05,89,37,7.07,Clouds
193,Merauke,ID,-8.47,140.33,81.5,75,100,18.84,Rain
194,Melo,UY,-32.37,-54.18,60.73,88,80,2.86,Clouds
195,Roald,NO,62.58,6.13,48.99,93,20,5.82,Clouds
196,Abu Samrah,SY,35.3,37.18,81.66,42,0,7.87,Clear
197,Sokoni,TZ,-6.43,39.55,75.2,88,75,4.7,Clouds
198,Yalutorovsk,RU,56.65,66.3,64.35,74,77,13.51,Clouds
199,Kupang,ID,-10.17,123.58,91.4,31,20,19.46,Clouds
200,Mangan,IN,27.52,88.53,88.05,45,72,5.75,Rain
201,Alofi,NU,-19.06,-169.92,77.0,69,100,4.7,Clouds
202,Narsaq,GL,60.92,-46.05,41.0,80,40,3.36,Clouds
203,Evensk,RU,61.95,159.23,51.1,53,0,5.19,Clear
204,Kavieng,PG,-2.57,150.8,84.49,72,86,8.52,Clouds
205,Padang,ID,-0.95,100.35,84.92,70,69,5.08,Rain
206,Anzio,IT,41.49,12.62,75.99,83,0,3.0,Clear
207,Longyearbyen,SJ,78.22,15.64,39.2,69,40,11.41,Clouds
208,Japura,ID,-0.32,102.35,87.24,63,95,6.33,Rain
209,Urengoy,RU,65.97,78.37,63.72,61,0,5.86,Clear
210,Lebu,CL,-37.62,-73.65,50.79,87,83,23.38,Rain
211,Kedrovyy,RU,56.17,91.82,62.6,72,99,17.9,Rain
212,Grants,US,35.15,-107.85,66.2,68,40,6.93,Clouds
213,Sumbawanga,TZ,-7.97,31.62,62.6,59,22,6.93,Clouds
214,Beloha,MG,-25.17,45.05,78.67,41,0,7.85,Clear
215,Jiwani,PK,25.05,61.74,83.35,78,97,7.2,Clouds
216,Santa Barbara,US,34.42,-119.7,68.0,88,1,5.82,Clear
217,Yerbogachen,RU,61.28,108.01,64.26,38,0,9.82,Clear
218,Kalnibolotskaya,RU,46.01,40.46,73.17,36,0,6.29,Clear
219,Khlung,TH,12.45,102.22,95.0,70,20,10.29,Clouds
220,Chipinge,ZW,-20.19,32.62,72.91,35,0,5.37,Clear
221,Airai,TL,-8.93,125.41,72.07,48,81,8.01,Clouds
222,Ahipara,NZ,-35.17,173.17,52.56,68,24,12.66,Clouds
223,Lethem,GY,3.38,-59.8,74.8,84,48,4.81,Clouds
224,Akdepe,TM,42.06,59.38,77.0,44,0,11.41,Clear
225,Sorland,NO,67.67,12.69,50.0,76,40,11.41,Clouds
226,Solnechnyy,RU,50.72,136.63,70.83,70,81,6.78,Clouds
227,Coro,VE,11.4,-69.67,80.1,79,63,12.08,Clouds
228,Kajaani,FI,64.23,27.73,55.4,76,36,4.7,Clouds
229,Gornopravdinsk,RU,60.05,69.9,63.28,61,100,6.51,Clouds
230,Fukue,JP,32.69,128.84,82.4,83,75,19.46,Clouds
231,Aklavik,CA,68.22,-135.01,51.8,81,75,9.17,Clouds
232,Lagoa,PT,39.05,-27.98,73.72,89,21,13.8,Clouds
233,Harper,LR,4.38,-7.72,73.96,85,79,6.2,Clouds
234,Camacha,PT,33.08,-16.33,71.6,83,20,5.82,Clouds
235,Pokosnoye,RU,55.53,101.05,71.71,43,41,11.14,Clouds
236,Egvekinot,RU,66.32,-179.17,48.04,78,93,7.9,Clouds
237,Umm Lajj,SA,25.02,37.27,89.22,43,0,6.42,Clear
238,Birin,NP,26.89,88.07,73.78,90,61,5.06,Rain
239,Zdvinsk,RU,54.7,78.66,54.59,95,100,11.7,Rain
240,Jakar,BT,27.55,90.75,70.77,63,17,4.63,Rain
241,Bojonegoro,ID,-7.15,111.88,95.29,31,2,8.77,Clear
242,Atagay,RU,55.1,99.39,72.01,46,58,7.94,Clouds
243,Taksimo,RU,56.34,114.88,67.93,43,4,3.96,Rain
244,Iberia,US,29.95,-91.75,80.6,94,1,6.93,Clear
245,Lagdo,CM,9.05,13.73,71.62,91,99,2.06,Clouds
246,Tomado,PH,7.19,124.61,88.66,62,63,6.58,Rain
247,Vitim,RU,59.45,112.56,69.96,32,0,10.45,Clear
248,Mount Gambier,AU,-37.83,140.77,57.27,63,56,6.2,Clouds
249,Port Augusta,AU,-32.5,137.77,71.6,26,85,11.41,Clouds
250,Kirakira,SB,-10.45,161.92,77.11,89,100,3.15,Rain
251,Kindu,CD,-2.95,25.95,74.35,85,2,1.74,Rain
252,Sisimiut,GL,66.94,-53.67,45.21,81,14,3.15,Clouds
253,Whitehorse,CA,60.72,-135.05,51.8,71,40,12.75,Clouds
254,Bac Lieu,VN,9.29,105.72,89.42,63,9,13.06,Clear
255,Port Hedland,AU,-20.32,118.57,93.2,34,8,10.29,Clear
256,Braganca,BR,-1.05,-46.77,71.49,98,1,1.16,Clear
257,Businga,CD,3.33,20.88,72.34,93,95,0.98,Clouds
258,Saint-Philippe,RE,-21.36,55.77,77.0,53,36,11.41,Clouds
259,Sumbe,AO,-11.21,13.84,70.38,88,61,4.41,Clouds
260,Provideniya,RU,64.38,-173.3,55.4,76,75,6.71,Rain
261,Wanning,CN,18.8,110.4,91.04,64,78,13.29,Rain
262,Eyl,SO,7.98,49.82,84.88,52,82,24.79,Clouds
263,Luderitz,NA,-26.65,15.16,53.98,75,0,6.46,Clear
264,Ponta Do Sol,PT,32.67,-17.1,77.0,50,20,18.34,Clouds
265,Yellowknife,CA,62.46,-114.35,55.4,93,90,5.82,Rain
266,Vardo,NO,70.37,31.11,51.8,76,0,3.36,Clear
267,Richards Bay,ZA,-28.78,32.04,68.31,68,55,21.72,Clouds
268,Zabkowice Slaskie,PL,50.59,16.81,64.0,60,90,4.0,Clouds
269,Pevek,RU,69.7,170.31,35.8,91,100,14.14,Clouds
270,Siloam Springs,US,36.19,-94.54,75.2,78,1,3.36,Clear
271,Hambantota,LK,6.12,81.12,91.4,63,75,10.29,Clouds
272,Yulara,AU,-25.24,130.99,91.4,9,30,14.99,Clouds
273,Baruun-Urt,MN,46.68,113.28,74.64,41,9,7.27,Clear
274,Diu,IN,20.71,70.98,83.62,78,76,16.51,Rain
275,Hami,CN,42.8,93.45,88.61,21,24,17.31,Clouds
276,Mashhad,IR,36.3,59.61,71.6,37,40,9.17,Clouds
277,Akureyri,IS,65.68,-18.09,39.2,93,90,0.69,Clouds
278,Bianzhuang,CN,34.85,118.04,67.98,95,100,18.57,Rain
279,Kimbe,PG,-5.55,150.14,87.13,66,86,5.99,Rain
280,Haines Junction,CA,60.75,-137.51,45.37,79,87,4.52,Clouds
281,Koungheul,SN,13.98,-14.8,76.57,90,97,4.83,Clouds
282,Ukiah,US,39.15,-123.21,71.6,43,1,3.36,Clear
283,Porto Nacional,BR,-10.71,-48.42,73.4,78,40,0.67,Clouds
284,Cockburn Town,TC,21.46,-71.14,83.1,79,2,19.01,Clear
285,Bubaque,GW,11.28,-15.83,80.15,79,99,9.73,Rain
286,Kawerau,NZ,-38.1,176.7,54.0,83,46,3.85,Clouds
287,Del Rio,US,29.36,-100.9,89.6,35,20,6.93,Clouds
288,Mokhsogollokh,RU,61.47,128.92,60.57,39,10,6.85,Clear
289,Kasempa,ZM,-13.46,25.83,68.16,44,6,6.62,Clear
290,Belyy Yar,RU,53.6,91.39,59.0,87,75,4.47,Rain
291,Esso,RU,55.93,158.7,49.55,76,100,6.71,Rain
292,Baft,IR,29.23,56.61,77.4,37,9,5.75,Clear
293,Dicabisagan,PH,17.08,122.42,88.66,65,100,5.73,Rain
294,Narrabri,AU,-30.32,149.78,64.99,27,0,8.05,Clear
295,La Ronge,CA,55.1,-105.28,44.6,100,5,3.51,Clear
296,Bluefield,US,37.27,-81.22,61.0,100,1,6.93,Rain
297,Sakakah,SA,29.97,40.21,84.2,23,0,10.29,Clear
298,Sambava,MG,-14.27,50.17,73.42,83,80,9.8,Rain
299,Makakilo City,US,21.35,-158.09,82.4,58,1,5.82,Clear
300,Saskylakh,RU,71.92,114.08,66.9,42,76,8.86,Clouds
301,Mikhaylovka,RU,50.06,43.24,75.99,37,6,5.01,Clear
302,Kedougou,SN,12.56,-12.17,75.2,94,100,6.93,Rain
303,Mount Isa,AU,-20.73,139.5,86.0,12,0,13.87,Clear
304,Salinopolis,BR,-0.61,-47.36,77.09,84,0,6.53,Clear
305,Stornoway,GB,58.21,-6.39,53.6,71,40,14.99,Clouds
306,Portland,US,45.52,-122.68,66.99,59,1,8.05,Clear
307,Jalu,LY,29.03,21.55,80.42,48,0,6.33,Clear
308,Mechetinskaya,RU,46.77,40.46,72.64,37,2,12.66,Clear
309,Katsuura,JP,35.13,140.3,96.01,66,20,6.93,Clouds
310,Peniche,PT,39.36,-9.38,69.01,92,2,11.01,Clear
311,Goderich,CA,43.75,-81.72,61.0,87,70,8.03,Clouds
312,Mahebourg,MU,-20.41,57.7,71.6,78,75,8.05,Clouds
313,Lai,TD,9.4,16.3,72.82,92,98,1.32,Clouds
314,Port Lincoln,AU,-34.73,135.87,66.25,49,48,12.84,Clouds
315,Anshun,CN,26.25,105.93,80.37,43,0,6.02,Clear
316,Isabela,PH,6.71,121.97,89.6,62,75,4.7,Clouds
317,Mapiripan,CO,2.89,-72.13,71.65,83,85,2.89,Clouds
318,Plainview,US,40.78,-73.47,73.0,71,0,14.32,Clear
319,Batagay-Alyta,RU,67.8,130.41,51.58,44,0,3.29,Clear
320,Aromashevo,RU,56.86,68.64,60.22,86,98,15.97,Clouds
321,Keti Bandar,PK,24.14,67.45,86.5,72,27,17.65,Rain
322,Fremont,US,37.55,-121.99,66.0,77,1,8.05,Smoke
323,Cuamba,MZ,-14.8,36.54,74.64,54,22,6.85,Clouds
324,Gizo,SB,-8.1,156.84,84.43,74,32,13.47,Rain
325,Laguna,US,38.42,-121.42,72.0,60,1,6.93,Clear
326,Baishishan,CN,43.58,127.57,78.71,69,100,3.4,Clouds
327,Acapulco,MX,16.86,-99.89,77.47,89,99,9.64,Rain
328,Machiques,VE,10.06,-72.55,76.12,80,99,4.79,Rain
329,Charters Towers,AU,-20.1,146.27,79.45,21,1,12.12,Clear
330,Borazjan,IR,29.27,51.22,93.2,44,0,4.7,Clear
331,Progreso,MX,21.28,-89.67,81.0,90,99,9.1,Clouds
332,Tiksi,RU,71.69,128.87,42.96,68,22,7.61,Clouds
333,Leshukonskoye,RU,64.9,45.76,58.66,59,11,4.43,Clouds
334,Kungurtug,RU,50.6,97.52,58.05,67,51,9.98,Rain
335,Antofagasta,CL,-23.65,-70.4,55.4,87,0,14.99,Clear
336,Moose Factory,CA,51.26,-80.61,46.4,93,90,5.82,Clouds
337,Beberibe,BR,-4.18,-38.13,77.0,88,40,11.41,Clouds
338,Almeirim,BR,-1.52,-52.58,74.7,81,1,3.18,Clear
339,Yumen,CN,40.28,97.2,94.95,10,0,13.0,Clear
340,Vila,PT,42.03,-8.16,59.0,92,1,3.33,Clear
341,Te Anau,NZ,-45.42,167.72,41.05,90,100,5.99,Rain
342,Pangnirtung,CA,66.15,-65.71,43.79,82,97,2.04,Clouds
343,Souillac,MU,-20.52,57.52,71.6,78,75,8.05,Clouds
344,Granville,AU,-33.83,151.02,68.0,48,0,13.87,Clear
345,Ballina,AU,-28.87,153.57,64.4,59,19,13.87,Clouds
346,Sitio Novo Do Tocantins,BR,-5.52,-47.46,75.76,61,39,3.27,Clouds
347,Rawson,AR,-43.3,-65.1,45.68,86,100,6.55,Clouds
348,Amahai,ID,-3.33,128.92,80.67,73,45,14.29,Rain
349,Viedma,AR,-40.81,-63.0,48.99,96,100,5.01,Clouds
350,Townsville,AU,-19.25,146.8,75.2,57,40,18.34,Clouds
351,Kastamonu,TR,41.5,33.67,72.12,43,0,2.08,Clear
352,Juneau,US,58.3,-134.42,54.0,93,90,10.29,Rain
353,Husavik,IS,66.04,-17.34,39.2,93,90,0.58,Clouds
354,Aban,RU,56.67,96.06,69.46,53,100,7.07,Clouds
355,Cabedelo,BR,-6.98,-34.83,71.6,94,75,5.82,Clouds
356,Cassano Delle Murge,IT,40.89,16.77,75.0,60,0,4.7,Clear
357,Fortuna Foothills,US,32.66,-114.41,98.01,50,20,9.17,Clouds
358,Vaitape,PF,-16.52,-151.75,77.02,82,65,17.45,Clouds
359,Vostok,RU,46.49,135.88,77.45,56,92,3.58,Clouds
360,Hasaki,JP,35.73,140.83,96.01,66,40,8.05,Clouds
361,Vorsma,RU,55.99,43.27,68.0,77,90,6.71,Clouds
362,Deer Lake,CA,49.17,-57.43,57.2,100,90,3.36,Rain
363,Hargeysa,SO,9.56,44.06,75.4,52,25,27.89,Clouds
364,Asau,RO,46.43,26.4,64.4,93,93,1.12,Clouds
365,Koumac,NC,-20.57,164.28,70.45,71,36,17.54,Clouds
366,Coolum Beach,AU,-26.53,153.1,66.99,65,32,4.0,Clouds
367,Bowen,AU,-20.02,148.23,73.4,56,4,17.22,Clear
368,Fuerte Olimpo,PY,-21.04,-57.87,74.05,54,0,6.76,Clear
369,Mochumi,PE,-6.55,-79.86,55.99,88,6,6.98,Clear
370,Sechura,PE,-5.56,-80.82,60.44,83,1,11.77,Clear
371,Marsa Matruh,EG,31.35,27.25,75.2,78,20,5.82,Clouds
372,Lavrentiya,RU,65.58,-171.0,48.27,82,87,6.11,Clouds
373,Wonthaggi,AU,-38.6,145.59,57.99,63,36,10.51,Clouds
374,Okha,RU,53.57,142.95,58.48,81,94,21.54,Clouds
375,Vega De Alatorre,MX,20.03,-96.63,77.65,80,100,12.93,Rain
376,Bagdarin,RU,54.43,113.6,62.06,55,10,5.57,Clear
377,Colac,AU,-38.33,143.58,53.01,75,38,1.01,Clouds
378,Gerash,IR,27.67,54.14,86.0,70,47,13.87,Clouds
379,Praia Da Vitoria,PT,38.73,-27.07,77.0,73,40,18.28,Clouds
380,Dhidhdhoo,MV,6.88,73.1,82.6,75,100,15.03,Clouds
381,Sazonovo,RU,59.09,35.23,55.92,98,100,1.74,Rain
382,Guerrero Negro,MX,27.98,-114.06,72.16,86,8,10.58,Clear
383,Bengkulu,ID,-3.8,102.27,88.66,52,37,11.54,Clouds
384,Oyama,JP,36.3,139.8,98.01,62,20,9.17,Clouds
385,Vila Velha,BR,-20.33,-40.29,66.99,59,45,13.87,Clouds
386,Gigmoto,PH,13.78,124.39,89.94,63,96,7.49,Clouds
387,Karratha,AU,-20.74,116.85,90.01,21,24,7.31,Clouds
388,Caravelas,BR,-17.71,-39.25,66.54,76,8,11.25,Clear
389,Mackay,AU,-21.15,149.2,73.0,64,0,16.11,Clear
390,Devonport,AU,-41.17,146.35,55.99,50,92,5.99,Clouds
391,Seguela,CI,7.96,-6.67,67.68,99,76,3.22,Clouds
392,Cordoba,AR,-31.41,-64.18,64.0,55,20,8.05,Clouds
393,Ossora,RU,59.24,163.07,52.5,55,68,11.16,Clouds
394,Xuddur,SO,4.12,43.89,79.12,58,54,18.25,Clouds
395,Meru,KE,0.05,37.66,66.99,55,35,7.74,Clouds
396,Port Macquarie,AU,-31.43,152.92,64.99,56,0,1.99,Clear
397,Svetlogorsk,BY,52.63,29.73,58.91,87,23,7.63,Clouds
398,Quatre Cocos,MU,-20.21,57.76,75.0,78,75,8.05,Clouds
399,Lokoja,NG,7.8,6.74,72.27,93,100,0.81,Clouds
400,Tadine,NC,-21.55,167.88,68.32,71,3,15.61,Clear
401,Mago,RU,53.25,140.18,65.68,66,91,8.97,Clouds
402,Tual,ID,-5.67,132.75,80.31,78,63,14.29,Clouds
403,Taybad,IR,34.74,60.78,75.85,26,0,27.58,Clear
404,Tateyama,JP,34.98,139.87,91.99,78,75,10.29,Clouds
405,San Luis,AR,-33.3,-66.34,51.53,87,83,11.95,Clouds
406,Menongue,AO,-14.66,17.69,62.74,38,25,1.72,Clouds
407,Halifax,CA,44.65,-63.57,66.99,94,98,9.26,Rain
408,Fortuna,US,40.6,-124.16,55.99,100,90,1.9,Clouds
409,Guapo,BR,-16.83,-49.53,60.8,77,14,1.12,Clouds
410,Teguise,ES,29.06,-13.56,80.6,65,1,3.36,Clear
411,Dinguiraye,GN,11.3,-10.72,69.22,97,100,1.21,Clouds
412,Sao Gabriel Da Cachoeira,BR,-0.13,-67.09,71.98,82,71,1.34,Clouds
413,Bankura,IN,23.25,87.07,89.15,69,100,17.52,Rain
414,Mehamn,NO,71.04,27.85,48.2,81,75,2.24,Clouds
415,Tuntum,BR,-5.26,-44.65,72.66,79,17,2.82,Clouds
416,San Patricio,MX,19.22,-104.7,77.68,88,100,3.96,Rain
417,Paamiut,GL,61.99,-49.67,43.02,63,0,5.12,Clear
418,Mbigou,GA,-1.9,11.91,68.45,92,91,2.73,Clouds
419,Dipolog,PH,8.59,123.34,86.05,74,82,6.87,Rain
420,Placido De Castro,BR,-10.34,-67.19,72.77,50,13,2.33,Clouds
421,Tiznit,MA,29.58,-9.5,89.38,15,19,6.73,Clouds
422,Dingle,PH,11.0,122.67,87.58,70,0,12.1,Clear
423,Zemio,CF,5.03,25.14,71.94,93,86,2.33,Clouds
424,Kutum,SD,14.2,24.67,74.25,72,61,6.62,Rain
425,Kissamos,GR,35.49,23.66,78.8,78,20,3.36,Clouds
426,Tabou,CI,4.42,-7.35,73.83,85,86,4.41,Clouds
427,Masuguru,TZ,-11.37,38.42,78.71,57,0,4.52,Clear
428,Broome,US,42.25,-75.83,62.6,77,20,6.93,Clouds
429,Santa Maria,BR,-29.68,-53.81,65.12,78,29,5.73,Clouds
430,Zhuhai,CN,22.28,113.57,91.4,79,40,16.11,Clouds
431,Iralaya,HN,15.0,-83.23,79.83,85,50,5.14,Rain
432,Northam,GB,51.03,-4.22,60.01,88,30,14.0,Clouds
433,Tessalit,ML,20.2,1.01,85.75,49,24,5.95,Clouds
434,Ambilobe,MG,-13.2,49.05,85.17,42,30,5.28,Clouds
435,Dawei,MM,14.08,98.2,87.01,64,100,6.35,Clouds
436,Champerico,GT,14.3,-91.92,66.99,96,100,10.89,Clouds
437,Batagay,RU,67.63,134.63,54.25,40,0,4.88,Clear
438,Lasa,IT,46.62,10.7,62.6,93,20,2.24,Clouds
439,Ojinaga,MX,29.57,-104.42,84.2,30,1,13.87,Clear
440,Kenai,US,60.55,-151.26,55.4,87,90,5.82,Clouds
441,Ostrovnoy,RU,68.05,39.51,56.21,60,15,8.43,Clouds
442,Saint-Louis,SN,16.33,-15.0,73.4,100,100,2.24,Rain
443,Taoudenni,ML,22.68,-3.98,90.45,34,0,0.54,Clear
444,Krasnyy Chikoy,RU,50.36,108.75,72.79,47,92,3.6,Clouds
445,Hay River,CA,60.82,-115.8,55.4,100,90,3.36,Clouds
446,Laviana,ES,43.23,-5.53,70.0,74,30,2.95,Clouds
447,Rudnichnyy,RU,59.62,52.47,61.99,78,36,3.8,Clouds
448,Liwale,TZ,-9.77,37.93,72.23,70,72,4.83,Clouds
449,Lata,PT,40.16,-8.33,66.99,99,9,5.01,Clear
450,Kempele,FI,64.91,25.5,52.0,87,96,4.7,Clouds
451,Hofn,IS,64.25,-15.21,49.87,78,11,0.78,Clouds
452,Faanui,PF,-16.48,-151.75,76.23,84,66,17.58,Clouds
453,San Jeronimo,PE,-11.95,-75.28,47.52,67,18,1.59,Clouds
454,Ayagoz,KZ,47.97,80.44,68.04,33,0,10.27,Clear
455,Saint-Augustin,CA,51.23,-58.65,57.6,95,100,20.69,Rain
456,Katangli,RU,51.71,143.23,67.17,65,72,13.73,Clouds
457,San Rafael,AR,-34.62,-68.33,49.84,70,93,6.76,Clouds
458,Malinovoye Ozero,RU,51.68,79.78,71.64,40,27,12.12,Clouds
459,Dudinka,RU,69.41,86.18,64.4,63,49,6.71,Rain
460,Bayanday,RU,53.07,105.51,67.68,52,97,13.18,Clouds
461,Cozumel,MX,20.51,-86.95,82.4,100,75,8.05,Clouds
462,Bella Vista,US,36.43,-94.23,77.0,69,1,3.36,Clear
463,Vanderhoof,CA,54.02,-124.02,51.89,68,100,4.61,Clouds
464,Iguape,BR,-24.71,-47.56,57.6,87,2,3.78,Clear
465,Parau,NZ,-36.97,174.61,53.6,76,41,16.11,Clouds
466,Voronovytsya,UA,49.11,28.68,57.2,93,90,6.71,Clouds
467,Bilibino,RU,68.05,166.44,44.08,80,100,2.44,Clouds
468,North Bend,US,43.41,-124.22,57.2,93,90,14.99,Clouds
469,Kavaratti,IN,10.57,72.64,86.0,70,40,6.93,Clouds
470,Iskateley,RU,67.68,53.15,60.69,75,85,6.29,Clouds
471,Laurel,US,39.1,-76.85,75.0,73,1,5.82,Clear
472,Pustoshka,RU,56.34,29.37,55.13,89,41,6.62,Clouds
473,Port Hardy,CA,50.7,-127.42,51.8,93,20,3.36,Clouds
474,Dzaoudzi,YT,-12.79,45.27,80.6,69,2,5.82,Clear
475,Khandyga,RU,62.67,135.6,62.2,33,11,4.05,Clouds
476,Melchor De Mencos,GT,17.07,-89.15,79.0,83,100,2.46,Clouds
477,Kinshasa,CD,-4.32,15.32,73.4,83,75,6.93,Clouds
478,Morondava,MG,-20.28,44.28,76.55,64,5,3.51,Clear
479,Vila Franca Do Campo,PT,37.72,-25.43,73.4,88,40,12.75,Clouds
480,Barrhead,GB,55.8,-4.39,53.6,93,100,2.24,Rain
481,Nuristan,AF,35.3,70.83,52.93,75,90,6.49,Rain
482,Betioky,MG,-23.72,44.38,77.94,40,0,8.95,Clear
483,Yarada,IN,17.65,83.27,86.0,84,90,2.24,Mist
484,Malu Mare,RO,44.23,23.87,68.0,72,7,4.7,Clear
485,Ayan,RU,56.45,138.17,54.7,90,100,12.62,Clouds
486,Aanekoski,FI,62.69,25.82,53.01,81,25,5.82,Clouds
487,Xichang,CN,27.9,102.26,83.26,46,0,2.75,Clear
488,Pundaguitan,PH,6.37,126.17,84.11,76,7,14.72,Clear
489,Miri,MY,4.41,114.01,86.0,74,40,10.29,Clouds
490,Mafeteng,LS,-29.82,27.24,55.69,31,95,2.93,Clouds
491,Mao,ES,39.89,4.27,73.4,94,0,1.12,Clear
492,Gat,IL,31.61,34.76,81.0,46,0,3.0,Clear
493,Zhigansk,RU,66.77,123.37,57.06,37,0,4.7,Clear
494,Yining,CN,29.04,114.56,88.99,49,44,8.1,Clouds
495,Puerto Baquerizo Moreno,EC,-0.9,-89.6,65.64,86,44,9.71,Clouds
496,Novobirilyussy,RU,56.95,90.67,62.38,80,100,7.05,Rain
497,Markala,ML,13.7,-6.07,73.98,90,100,7.25,Clouds
498,Port Blair,IN,11.67,92.75,86.2,69,92,12.3,Clouds
499,Nizhneudinsk,RU,54.91,99.03,69.6,50,84,6.4,Clouds
500,Alpinopolis,BR,-20.86,-46.39,49.78,77,83,3.67,Clouds
501,Bismarck,US,46.81,-100.78,75.99,94,1,8.05,Clear
502,La Cruz,MX,23.92,-106.9,82.99,82,29,1.99,Rain
503,The Valley,AI,18.22,-63.06,82.4,83,40,8.05,Rain
504,Eenhana,NA,-17.47,16.33,62.6,48,0,4.7,Clear
505,Bristol,US,41.83,-71.17,68.0,60,1,4.7,Clear
506,Amazar,RU,53.86,120.88,67.32,39,19,6.04,Clouds
507,Adeje,ES,28.12,-16.73,73.4,83,13,4.7,Clouds
508,Beirut,LB,33.89,35.49,80.01,39,0,1.01,Clear
509,Roma,US,43.21,-75.46,57.99,71,1,5.82,Clear
510,Dunedin,NZ,-45.87,170.5,51.01,50,77,4.14,Clouds
511,Nuuk,GL,64.18,-51.72,46.4,81,1,5.82,Clear
512,Sao Joao Da Barra,BR,-21.64,-41.05,63.86,80,36,17.16,Clouds
513,Shu,KZ,43.6,73.76,82.94,29,86,13.47,Clouds
514,Santarem,BR,-2.44,-54.71,73.4,100,0,2.24,Clear
515,Sitangkai,PH,4.66,119.39,85.71,68,4,10.16,Clear
516,Ancud,CL,-41.87,-73.82,46.99,100,75,2.24,Clouds
517,Little Current,CA,45.98,-81.92,55.4,76,90,6.93,Clouds
518,Ankazoabo,MG,-22.28,44.52,79.34,38,0,6.76,Clear
519,Beidao,CN,34.57,105.89,86.29,42,0,0.63,Clear
520,North Myrtle Beach,US,33.82,-78.68,80.6,83,1,6.93,Clear
521,Nouadhibou,MR,20.93,-17.03,75.2,78,100,10.29,Clouds
522,Santiago Del Estero,AR,-27.8,-64.26,68.43,42,8,10.47,Rain
523,Mbaiki,CF,3.87,17.99,70.75,96,100,1.57,Clouds
524,Zapadnaya Dvina,RU,56.26,32.07,57.81,90,84,7.96,Clouds
525,Grand-Lahou,CI,5.14,-5.02,71.73,91,31,4.27,Clouds
526,Utete,TZ,-7.99,38.76,80.96,65,93,1.01,Clouds
527,Grindavik,IS,63.84,-22.43,46.4,81,75,2.24,Clouds
528,Shikarpur,PK,27.96,68.64,84.2,79,75,4.7,Haze
529,Doka,SD,13.52,35.77,73.35,91,83,6.38,Rain
530,Moroto,UG,2.53,34.67,69.28,67,3,8.3,Clear
531,Mahibadhoo,MV,3.78,72.97,83.71,71,100,11.34,Clouds
532,Afzalgarh,IN,29.4,78.68,90.54,62,5,3.8,Clear
533,Grand Gaube,MU,-20.01,57.66,73.99,72,32,8.99,Clouds
534,Road Town,VG,18.42,-64.62,82.99,90,2,1.01,Clear
535,Isangel,VU,-19.55,169.27,73.4,88,90,5.82,Clouds
536,Adrar,MR,20.5,-10.07,85.82,48,65,8.5,Clouds
537,Hamilton,US,39.18,-84.53,75.0,94,75,3.36,Rain
538,Isla Vista,US,34.41,-119.86,69.01,88,1,4.7,Clear
539,Seoul,KR,37.57,126.98,93.2,56,75,16.11,Clouds
540,Brae,GB,60.4,-1.35,50.0,66,90,11.41,Clouds
541,Vezirkopru,TR,41.14,35.45,68.0,42,0,5.82,Clear
542,Mayo,US,38.89,-76.51,78.01,83,1,6.93,Clear
543,Berwick,US,41.05,-76.23,64.0,92,0,2.84,Clear
544,Bardiyah,LY,31.76,25.09,79.16,75,0,13.58,Clear
545,Kelheim,DE,48.92,11.87,66.99,63,1,4.7,Clear
546,Tsaghkahovit,AM,40.63,44.22,59.0,58,0,2.24,Clear
547,Ohara,JP,35.25,140.38,96.01,66,40,8.05,Clouds
548,Masterton,NZ,-40.96,175.66,48.0,73,41,3.0,Clouds
549,Poum,NC,-20.23,164.02,70.68,75,49,15.57,Clouds
550,Saint-Francois,FR,46.42,3.91,64.0,76,95,1.99,Clouds
551,Taitung,TW,22.76,121.14,80.6,78,75,5.82,Rain
552,Karatau,KZ,43.17,70.47,63.25,85,99,3.83,Rain
553,Botou,CN,38.07,116.57,82.98,65,100,8.03,Clouds
554,Baghdad,IQ,33.34,44.4,87.8,23,0,10.29,Clear
555,Amuntai,ID,-2.42,115.25,95.59,39,87,2.42,Clouds
556,Sabzevar,IR,36.21,57.68,72.84,28,0,10.96,Clear
557,Urumqi,CN,43.8,87.6,66.2,55,91,4.47,Clouds
558,San Pedro,PH,14.35,121.02,90.0,66,31,18.34,Clouds
559,Naze,JP,28.37,129.48,80.6,94,75,31.09,Rain
560,Ulladulla,AU,-35.35,150.47,60.8,48,1,13.87,Clear
561,Huarmey,PE,-10.07,-78.15,60.46,86,32,10.27,Clouds
562,Krasnyy Kut,RU,50.95,46.97,79.97,24,6,7.05,Clear
563,Mwanza,TZ,-2.52,32.9,71.6,73,20,11.41,Clouds
564,Grajau,BR,-5.82,-46.14,73.13,67,40,2.17,Clouds
565,Ridgecrest,US,35.62,-117.67,86.0,26,0,5.68,Clear
566,Flinders,AU,-34.58,150.86,63.0,54,0,4.0,Clear
567,Hit,IQ,33.64,42.83,93.83,11,0,14.41,Clear
568,Slave Lake,CA,55.28,-114.77,57.2,67,40,6.93,Clouds
569,Kruisfontein,ZA,-34.0,24.73,57.0,80,48,1.99,Clouds
570,San Juan De Flores,HN,14.27,-87.03,68.65,86,100,0.76,Rain
571,Khor,RU,47.89,134.95,79.29,74,91,8.08,Rain
572,Maunabo,PR,18.01,-65.9,81.0,92,8,1.99,Rain
573,Tezu,IN,27.92,96.17,96.66,43,3,3.18,Clear
574,Iranduba,BR,-3.28,-60.19,82.4,74,70,5.82,Clouds
575,Tolaga Bay,NZ,-38.37,178.3,47.55,78,38,4.38,Clouds
576,Riverton,US,40.52,-111.94,77.0,41,1,9.17,Clear
577,Sabang,ID,5.89,95.32,83.64,74,98,11.39,Clouds
578,Kalabo,ZM,-14.97,22.68,65.53,27,0,7.16,Clear
579,Batesville,US,35.77,-91.64,78.8,83,40,4.7,Clouds
580,Geraldton,AU,-28.77,114.6,69.8,43,0,16.11,Clear
581,Fenoarivo Atsinanana,MG,-17.37,49.42,73.4,76,40,3.71,Rain
582,San Isidro,PE,-12.12,-77.05,60.8,87,90,13.87,Clouds
583,Wattegama,LK,6.8,81.48,91.4,63,75,10.29,Clouds
584,Birjand,IR,32.87,59.22,73.4,31,0,9.17,Clear
585,Okhotsk,RU,59.38,143.3,52.68,79,100,12.39,Clouds
586,Xai-Xai,MZ,-25.05,33.64,71.87,61,0,13.98,Clear
587,Ghanaur,IN,30.33,76.61,91.42,57,7,6.29,Rain
588,Gushikawa,JP,26.35,127.87,78.8,94,75,25.28,Rain
589,Sept-Iles,CA,50.2,-66.38,55.0,87,40,10.29,Clouds
590,Nogliki,RU,51.83,143.17,66.52,66,74,14.61,Clouds
591,Abu Kamal,SY,34.45,40.92,87.48,27,0,9.51,Clear
592,Atambua,ID,-9.11,124.89,84.25,41,52,6.69,Clouds
593,Tsabong,BW,-26.02,22.4,61.99,28,70,2.93,Clouds
594,Zyryanka,RU,65.75,150.85,48.72,68,98,8.16,Clouds
595,Panama City,PA,8.99,-79.52,77.0,83,100,13.87,Clouds
596,Olafsvik,IS,64.89,-23.71,47.46,76,90,3.04,Clouds
597,Turukhansk,RU,65.82,87.98,67.12,54,100,7.81,Clouds
598,Ambanja,MG,-13.68,48.45,84.65,46,11,0.92,Clouds
599,Santa Vitoria Do Palmar,BR,-33.52,-53.37,57.87,89,99,7.99,Clouds
600,Lakes Entrance,AU,-37.88,147.98,59.0,52,0,1.01,Clear
601,Jatiroto,ID,-7.88,111.12,87.8,55,20,11.41,Clouds
602,Benjamin Constant,BR,-4.38,-70.03,69.57,75,80,1.28,Clouds
603,Demba,CD,-5.51,22.27,77.31,61,0,2.68,Clear
604,Petropavlovsk-Kamchatskiy,RU,53.05,158.65,51.8,100,90,11.18,Rain
605,Omboue,GA,-1.57,9.26,74.73,87,89,7.05,Rain
606,Lere,NG,10.39,8.57,66.72,96,99,4.27,Clouds
607,Nushki,PK,29.55,66.02,83.12,57,100,10.51,Rain
608,Tocache,PE,-8.18,-76.51,69.04,76,67,0.85,Clouds
609,Mananara,MG,-16.17,49.77,72.37,87,74,6.15,Rain
610,Concepcion Del Oro,MX,24.63,-101.42,61.88,71,70,6.06,Clouds
611,Buchanan,LR,5.88,-10.05,75.2,94,75,7.81,Clouds
612,Hokitika,NZ,-42.72,170.97,47.77,80,49,9.42,Rain
613,Wucheng,CN,29.6,118.17,82.54,81,69,6.35,Rain
614,Panaba,MX,21.28,-88.27,77.65,93,98,8.66,Clouds
615,Komsomolskiy,UZ,40.43,71.72,78.8,36,99,6.93,Clouds
616,Pavino,RU,59.11,46.14,64.35,72,76,6.71,Clouds
617,Kareli,IN,22.92,79.07,80.22,78,89,13.2,Clouds
618,Nortelandia,BR,-14.45,-56.8,76.05,53,21,4.54,Clouds
619,Mumford,GH,5.26,-0.76,72.14,92,31,3.33,Clouds
620,Yuzhno-Kurilsk,RU,44.03,145.86,72.55,78,14,8.14,Clouds
621,Maun,BW,-19.98,23.42,60.8,44,0,4.7,Clear
622,Ornskoldsvik,SE,63.29,18.72,48.2,76,24,11.41,Clouds
623,Sangar,RU,63.92,127.47,61.12,34,0,3.89,Clear
624,Brentwood,US,40.78,-73.25,73.0,64,1,5.82,Clear
625,Carutapera,BR,-1.2,-46.02,73.85,90,0,2.93,Clear
626,Rancho Palos Verdes,US,33.74,-118.39,72.0,80,0,3.0,Clear
627,Honningsvag,NO,70.98,25.97,46.4,87,75,3.36,Clouds
628,Qaqortoq,GL,60.72,-46.03,41.0,80,40,3.36,Clouds
629,Itigi,TZ,-5.7,34.48,68.29,59,0,10.45,Clear
630,Moussoro,TD,13.64,16.49,75.15,80,100,7.49,Rain
631,Kieta,PG,-6.22,155.63,83.46,76,5,6.69,Rain
632,Zhicheng,CN,30.3,111.5,91.38,49,0,3.56,Clear
633,Port-Cartier,CA,50.03,-66.87,55.0,87,40,10.29,Clouds
634,Aswan,EG,24.09,32.91,93.38,18,0,8.43,Clear
635,Panzhihua,CN,26.59,101.71,86.0,44,0,1.63,Clear
636,Novikovo,RU,51.15,37.89,69.19,47,64,10.74,Clouds
637,Grafton,US,42.21,-71.69,64.99,63,1,6.93,Clear
638,Borogontsy,RU,62.67,131.17,61.83,36,0,6.2,Clear
639,Constantine,DZ,36.37,6.61,60.8,72,0,2.24,Clear
640,La Esperanza,GT,14.87,-91.57,66.99,100,100,2.71,Rain
641,Tahe,CN,52.33,124.73,65.46,58,55,8.01,Rain
642,Ternate,ID,0.8,127.4,83.23,73,25,10.11,Rain
643,Kuusamo,FI,65.97,29.18,51.8,71,97,6.93,Clouds
644,Flin Flon,CA,54.77,-101.86,52.14,97,100,5.48,Clouds
645,Maliq,AL,40.71,20.7,64.4,77,0,5.82,Clear
646,Kalmunai,LK,7.42,81.82,90.41,53,100,7.92,Clouds
647,Manavgat,TR,36.79,31.44,84.2,48,0,3.62,Clear
648,Pimentel,PE,-6.84,-79.93,59.14,91,1,11.41,Clear
649,Severnyy,RU,50.68,36.55,66.2,52,40,6.71,Clouds
650,Soyo,AO,-6.13,12.37,75.2,94,75,3.36,Clouds
651,Mandalgovi,MN,45.76,106.27,84.11,16,66,21.16,Clouds
652,Cravo Norte,CO,6.3,-70.2,75.38,87,96,3.27,Clouds
653,Moron,AR,-34.65,-58.62,63.0,93,85,1.99,Rain
654,Ushtobe,KZ,45.25,77.98,79.02,27,2,21.81,Clear
655,Marfino,RU,55.7,37.38,64.4,93,40,4.47,Clouds
656,Batasan,PH,12.77,120.78,85.68,69,86,7.76,Clouds
657,Ilawa,PL,53.6,19.57,62.01,73,79,3.0,Clouds
658,Springdale,US,36.19,-94.13,78.8,57,75,3.36,Clouds
659,Liverpool,GB,53.41,-2.98,59.0,93,90,23.04,Rain
660,Golden,US,39.76,-105.22,75.99,51,80,1.01,Clouds
661,Puerto Penasco,MX,31.32,-113.53,89.01,81,66,5.99,Clouds
662,Beyneu,KZ,45.32,55.2,82.18,19,0,2.71,Clear
663,Niteroi,BR,-22.88,-43.1,62.6,77,20,4.7,Clouds
664,Schneeberg,DE,50.6,12.63,63.0,80,74,28.01,Rain
665,Djenne,ML,13.91,-4.55,74.28,88,96,9.31,Clouds
666,Skibbereen,IE,51.55,-9.27,51.8,93,75,5.82,Clouds
667,Avera,US,33.19,-82.53,77.0,88,40,2.95,Haze
668,Emerald,AU,-23.53,148.17,75.2,23,0,8.05,Clear
669,Christchurch,NZ,-43.53,172.63,51.01,57,0,8.05,Clear
670,Jacareacanga,BR,-6.22,-57.75,75.0,74,28,1.83,Clouds
671,Zhanaozen,KZ,43.3,52.8,78.73,25,0,3.98,Clear
672,Ivanivka,UA,46.72,34.55,75.65,35,44,4.61,Clouds
673,Barranca,PE,-10.75,-77.77,60.87,86,70,8.88,Clouds
674,Vernon,CA,50.26,-119.27,59.0,62,1,2.24,Clear
675,Bilma,NE,18.69,12.92,86.45,48,2,4.25,Clear
676,Changping,CN,40.22,116.22,93.99,70,95,4.47,Mist
677,Kashi,CN,39.45,75.98,89.6,18,31,2.24,Clouds
678,Ginda,IN,30.69,78.49,86.0,74,40,4.7,Haze
679,Vanimo,PG,-2.67,141.3,86.09,65,30,8.46,Clouds
680,Karachev,RU,53.12,34.99,59.0,93,90,11.18,Clouds
681,Kumluca,TR,36.37,30.29,86.58,45,0,4.72,Clear
682,Cantapoy,PH,9.49,125.44,83.73,68,83,7.18,Clouds
683,Pontes E Lacerda,BR,-15.23,-59.34,75.45,46,29,2.51,Clouds
684,Belaya Gora,RU,68.53,146.42,49.95,49,85,8.21,Clouds
685,Sao Lourenco Do Oeste,BR,-26.36,-52.85,53.46,76,0,6.46,Clear
686,Kaberamaido,UG,1.74,33.16,70.23,85,26,5.03,Clouds
687,Igarka,RU,67.47,86.58,66.0,52,89,7.2,Clouds
688,Sorrento,IT,40.63,14.37,78.01,88,0,4.68,Clear
689,Nikolayevsk-Na-Amure,RU,53.14,140.73,64.02,70,87,7.25,Clouds
690,Warrington,GB,53.39,-2.58,59.0,93,90,23.04,Rain
691,Pauini,BR,-7.71,-66.98,70.36,56,24,1.77,Clouds
